{"cameraMode":{"drawMode":0,"name":"Shaded","section":"Shading Mode"},"sceneLighting":false,"audioPlay":false,"sceneViewState":{"m_AlwaysRefresh":false,"showFog":true,"showSkybox":false,"showFlares":true,"showImageEffects":true,"showParticleSystems":true,"showVisualEffectGraphs":true,"m_FxEnabled":true},"in2DMode":false,"pivot":{"x":0.1982135772705078,"y":-0.07289057970046997,"z":-0.20015811920166017},"rotation":{"x":0.3355084955692291,"y":0.0014130222843959928,"z":-0.0005032813060097396,"w":0.9420279860496521},"size":3.4641053676605226,"orthographic":false}